,Date,DXY Close,DXY High,DXY Low,DXY Open,DXY Volume
0,2022-01-03,96.23999786376953,96.33000183105469,95.62999725341797,95.66999816894531,0
1,2022-01-04,96.29000091552734,96.45999908447266,96.02999877929688,96.19000244140625,0
2,2022-01-05,96.19000244140625,96.33000183105469,95.88999938964844,96.30999755859375,0
3,2022-01-06,96.25,96.38999938964844,96.04000091552734,96.19999694824219,0
4,2022-01-07,95.73999786376953,96.30000305175781,95.70999908447266,96.26000213623047,0
5,2022-01-10,95.98999786376953,96.2300033569336,95.73999786376953,95.73999786376953,0
6,2022-01-11,95.62000274658203,96.06999969482422,95.58000183105469,95.93000030517578,0
7,2022-01-12,95.0,95.69000244140625,94.91000366210938,95.58000183105469,0
8,2022-01-13,94.79000091552734,95.0199966430664,94.66000366210938,94.98999786376953,0
9,2022-01-14,95.16999816894531,95.2699966430664,94.62999725341797,94.87000274658203,0
10,2022-01-18,95.7300033569336,95.83000183105469,95.12999725341797,95.22000122070312,0
11,2022-01-19,95.51000213623047,95.79000091552734,95.48999786376953,95.7699966430664,0
12,2022-01-20,95.73999786376953,95.86000061035156,95.41999816894531,95.58999633789062,0
13,2022-01-21,95.63999938964844,95.83999633789062,95.5,95.80999755859375,0
14,2022-01-24,95.91999816894531,96.12999725341797,95.62999725341797,95.63999938964844,0
15,2022-01-25,95.94999694824219,96.2699966430664,95.9000015258789,95.93000030517578,0
16,2022-01-26,96.48999786376953,96.54000091552734,95.91000366210938,95.95999908447266,0
17,2022-01-27,97.26000213623047,97.29000091552734,96.52999877929688,96.55000305175781,0
18,2022-01-28,97.2699966430664,97.44000244140625,97.05999755859375,97.25,0
19,2022-01-31,96.54000091552734,97.30000305175781,96.5199966430664,97.22000122070312,0
20,2022-02-01,96.38999938964844,96.72000122070312,96.23999786376953,96.69999694824219,0
21,2022-02-02,95.94000244140625,96.30000305175781,95.80999755859375,96.2699966430664,0
22,2022-02-03,95.37999725341797,96.25,95.23999786376953,96.0199966430664,0
23,2022-02-04,95.4800033569336,95.69999694824219,95.13999938964844,95.30999755859375,0
24,2022-02-07,95.4000015258789,95.62999725341797,95.3499984741211,95.4800033569336,0
25,2022-02-08,95.63999938964844,95.75,95.4000015258789,95.43000030517578,0
26,2022-02-09,95.48999786376953,95.66999816894531,95.37999725341797,95.58999633789062,0
27,2022-02-10,95.55000305175781,96.0,95.16999816894531,95.56999969482422,0
28,2022-02-11,96.08000183105469,96.11000061035156,95.63999938964844,95.94000244140625,0
29,2022-02-14,96.37000274658203,96.44000244140625,95.91000366210938,96.02999877929688,0
30,2022-02-15,95.98999786376953,96.29000091552734,95.95999908447266,96.23999786376953,0
31,2022-02-16,95.69999694824219,96.05999755859375,95.68000030517578,96.01000213623047,0
32,2022-02-17,95.80000305175781,96.11000061035156,95.70999908447266,95.7699966430664,0
33,2022-02-18,96.04000091552734,96.16999816894531,95.7300033569336,95.83000183105469,0
34,2022-02-22,96.02999877929688,96.26000213623047,95.83999633789062,96.08000183105469,0
35,2022-02-23,96.19000244140625,96.23999786376953,95.8499984741211,96.04000091552734,0
36,2022-02-24,97.13999938964844,97.73999786376953,96.22000122070312,96.22000122070312,0
37,2022-02-25,96.62000274658203,97.22000122070312,96.5199966430664,97.0,0
38,2022-02-28,96.70999908447266,97.41999816894531,96.54000091552734,96.54000091552734,0
39,2022-03-01,97.41000366210938,97.58000183105469,96.62999725341797,96.7699966430664,0
40,2022-03-02,97.38999938964844,97.83000183105469,97.29000091552734,97.37000274658203,0
41,2022-03-03,97.79000091552734,97.94999694824219,97.43000030517578,97.47000122070312,0
42,2022-03-04,98.6500015258789,98.91999816894531,97.83999633789062,98.04000091552734,0
43,2022-03-07,99.29000091552734,99.41999816894531,98.56999969482422,98.56999969482422,0
44,2022-03-08,99.05999755859375,99.31999969482422,98.70999908447266,99.23999786376953,0
45,2022-03-09,97.97000122070312,99.12000274658203,97.8499984741211,99.12000274658203,0
46,2022-03-10,98.51000213623047,98.5999984741211,97.70999908447266,98.05999755859375,0
47,2022-03-11,99.12000274658203,99.16000366210938,98.2699966430664,98.36000061035156,0
48,2022-03-14,99.05999755859375,99.29000091552734,98.68000030517578,99.12999725341797,0
49,2022-03-15,99.06999969482422,99.19999694824219,98.63999938964844,99.12999725341797,0
50,2022-03-16,98.37999725341797,99.08000183105469,98.30000305175781,98.88999938964844,0
51,2022-03-17,98.01000213623047,98.51000213623047,97.7300033569336,98.5,0
52,2022-03-18,98.2300033569336,98.62000274658203,97.83999633789062,98.0,0
53,2022-03-21,98.5,98.52999877929688,98.16000366210938,98.23999786376953,0
54,2022-03-22,98.48999786376953,98.97000122070312,98.31999969482422,98.48999786376953,0
55,2022-03-23,98.62000274658203,98.87999725341797,98.38999938964844,98.4800033569336,0
56,2022-03-24,98.79000091552734,98.95999908447266,98.5999984741211,98.63999938964844,0
57,2022-03-25,98.80999755859375,98.83000183105469,98.4000015258789,98.75,0
58,2022-03-28,99.08999633789062,99.37000274658203,98.80000305175781,98.80999755859375,0
59,2022-03-29,98.4000015258789,99.30000305175781,98.04000091552734,99.08000183105469,0
60,2022-03-30,97.79000091552734,98.43000030517578,97.69000244140625,98.37000274658203,0
61,2022-03-31,98.30999755859375,98.4000015258789,97.69000244140625,97.83000183105469,0
62,2022-04-01,98.62999725341797,98.73999786376953,98.30999755859375,98.33999633789062,0
63,2022-04-04,98.98999786376953,99.08000183105469,98.5199966430664,98.56999969482422,0
64,2022-04-05,99.47000122070312,99.5199966430664,98.83999633789062,99.0,0
65,2022-04-06,99.5999984741211,99.7699966430664,99.30999755859375,99.47000122070312,0
66,2022-04-07,99.75,99.83000183105469,99.4000015258789,99.6500015258789,0
67,2022-04-08,99.80000305175781,100.19000244140625,99.73999786376953,99.81999969482422,0
68,2022-04-11,99.93000030517578,100.05000305175781,99.62000274658203,99.83999633789062,0
69,2022-04-12,100.29000091552734,100.33000183105469,99.73999786376953,100.04000091552734,0
70,2022-04-13,99.87999725341797,100.5199966430664,99.83000183105469,100.33999633789062,0
71,2022-04-14,100.31999969482422,100.76000213623047,99.56999969482422,99.79000091552734,0
72,2022-04-18,100.77999877929688,100.86000061035156,100.45999908447266,100.5,0
73,2022-04-19,100.95999908447266,101.02999877929688,100.69999694824219,100.83000183105469,0
74,2022-04-20,100.38999938964844,101.04000091552734,100.22000122070312,100.9800033569336,0
75,2022-04-21,100.58000183105469,100.63999938964844,99.81999969482422,100.3499984741211,0
76,2022-04-22,101.22000122070312,101.33000183105469,100.47000122070312,100.62000274658203,0
77,2022-04-25,101.75,101.86000061035156,101.04000091552734,101.12000274658203,0
78,2022-04-26,102.30000305175781,102.36000061035156,101.51000213623047,101.7300033569336,0
79,2022-04-27,102.94999694824219,103.27999877929688,102.22000122070312,102.27999877929688,0
80,2022-04-28,103.62000274658203,103.93000030517578,102.9800033569336,103.04000091552734,0
81,2022-04-29,102.95999908447266,103.66999816894531,102.81999969482422,103.66999816894531,0
82,2022-05-02,103.73999786376953,103.75,103.11000061035156,103.20999908447266,0
83,2022-05-03,103.47000122070312,103.66999816894531,103.02999877929688,103.5999984741211,0
84,2022-05-04,102.58999633789062,103.62000274658203,102.45999908447266,103.45999908447266,0
85,2022-05-05,103.75,103.94000244140625,102.3499984741211,102.68000030517578,0
86,2022-05-06,103.66000366210938,104.05999755859375,103.19000244140625,103.55999755859375,0
87,2022-05-09,103.6500015258789,104.19000244140625,103.38999938964844,103.66000366210938,0
88,2022-05-10,103.91999816894531,103.9800033569336,103.5,103.7300033569336,0
89,2022-05-11,103.8499984741211,104.11000061035156,103.37000274658203,103.9000015258789,0
90,2022-05-12,104.8499984741211,104.93000030517578,103.87999725341797,104.01000213623047,0
91,2022-05-13,104.55999755859375,105.01000213623047,104.47000122070312,104.7699966430664,0
92,2022-05-16,104.19000244140625,104.63999938964844,104.13999938964844,104.47000122070312,0
93,2022-05-17,103.36000061035156,104.2300033569336,103.2300033569336,104.16999816894531,0
94,2022-05-18,103.80999755859375,103.93000030517578,103.19000244140625,103.33999633789062,0
95,2022-05-19,102.72000122070312,103.87999725341797,102.66000366210938,103.83000183105469,0
96,2022-05-20,103.1500015258789,103.26000213623047,102.7699966430664,102.9000015258789,0
97,2022-05-23,102.08000183105469,103.05000305175781,102.04000091552734,103.02999877929688,0
98,2022-05-24,101.86000061035156,102.31999969482422,101.6500015258789,102.11000061035156,0
99,2022-05-25,102.05999755859375,102.44999694824219,101.7300033569336,101.7699966430664,0
100,2022-05-26,101.83000183105469,102.2699966430664,101.73999786376953,102.0199966430664,0
101,2022-05-27,101.66999816894531,101.94000244140625,101.43000030517578,101.72000122070312,0
102,2022-05-31,101.75,102.16999816894531,101.41000366210938,101.44000244140625,0
103,2022-06-01,102.55000305175781,102.7300033569336,101.73999786376953,101.76000213623047,0
104,2022-06-02,101.7699966430664,102.62000274658203,101.73999786376953,102.55000305175781,0
105,2022-06-03,102.13999938964844,102.2300033569336,101.63999938964844,101.75,0
106,2022-06-06,102.44000244140625,102.47000122070312,101.8499984741211,102.16999816894531,0
107,2022-06-07,102.31999969482422,102.83999633789062,102.26000213623047,102.48999786376953,0
108,2022-06-08,102.54000091552734,102.77999877929688,102.2699966430664,102.38999938964844,0
109,2022-06-09,103.22000122070312,103.37000274658203,102.1500015258789,102.55999755859375,0
110,2022-06-10,104.1500015258789,104.2300033569336,103.05000305175781,103.33999633789062,0
111,2022-06-13,105.08000183105469,105.29000091552734,104.20999908447266,104.20999908447266,0
112,2022-06-14,105.5199966430664,105.6500015258789,104.62000274658203,105.19000244140625,0
113,2022-06-15,105.16000366210938,105.79000091552734,104.66000366210938,105.3499984741211,0
114,2022-06-16,103.62999725341797,105.48999786376953,103.41999816894531,104.9000015258789,0
115,2022-06-17,104.69999694824219,105.08999633789062,103.83000183105469,103.87999725341797,0
116,2022-06-21,104.44000244140625,104.54000091552734,103.94000244140625,104.44000244140625,0
117,2022-06-22,104.19999694824219,104.94999694824219,103.86000061035156,104.43000030517578,0
118,2022-06-23,104.43000030517578,104.7699966430664,104.05999755859375,104.20999908447266,0
119,2022-06-24,104.19000244140625,104.51000213623047,103.94999694824219,104.37999725341797,0
120,2022-06-27,103.94000244140625,104.20999908447266,103.66999816894531,104.12000274658203,0
121,2022-06-28,104.51000213623047,104.61000061035156,103.7699966430664,103.97000122070312,0
122,2022-06-29,105.11000061035156,105.1500015258789,104.36000061035156,104.45999908447266,0
123,2022-06-30,104.69000244140625,105.54000091552734,104.6500015258789,105.05999755859375,0
124,2022-07-01,105.13999938964844,105.63999938964844,104.73999786376953,104.77999877929688,0
125,2022-07-05,106.5,106.79000091552734,105.05000305175781,105.13999938964844,0
126,2022-07-06,107.0999984741211,107.26000213623047,106.36000061035156,106.48999786376953,0
127,2022-07-07,107.12999725341797,107.23999786376953,106.70999908447266,107.06999969482422,0
128,2022-07-08,107.01000213623047,107.79000091552734,106.80999755859375,107.04000091552734,0
129,2022-07-11,108.0199966430664,108.2699966430664,106.91999816894531,106.91999816894531,0
130,2022-07-12,108.06999969482422,108.55999755859375,107.83999633789062,108.18000030517578,0
131,2022-07-13,107.95999908447266,108.58000183105469,107.4800033569336,108.19000244140625,0
132,2022-07-14,108.54000091552734,109.29000091552734,108.19999694824219,108.19999694824219,0
133,2022-07-15,108.05999755859375,108.70999908447266,107.91000366210938,108.66999816894531,0
134,2022-07-18,107.37000274658203,108.04000091552734,106.88999938964844,107.9800033569336,0
135,2022-07-19,106.68000030517578,107.62999725341797,106.4000015258789,107.48999786376953,0
136,2022-07-20,107.08000183105469,107.26000213623047,106.38999938964844,106.66999816894531,0
137,2022-07-21,106.91000366210938,107.31999969482422,106.41999816894531,107.08999633789062,0
138,2022-07-22,106.7300033569336,107.36000061035156,106.11000061035156,106.58999633789062,0
139,2022-07-25,106.4800033569336,106.87999725341797,106.19000244140625,106.55000305175781,0
140,2022-07-26,107.19000244140625,107.27999877929688,106.19999694824219,106.44999694824219,0
141,2022-07-27,106.44999694824219,107.43000030517578,106.26000213623047,107.12999725341797,0
142,2022-07-28,106.3499984741211,106.9800033569336,106.05999755859375,106.37000274658203,0
143,2022-07-29,105.9000015258789,106.66000366210938,105.54000091552734,106.20999908447266,0
144,2022-08-01,105.44999694824219,106.02999877929688,105.23999786376953,105.83000183105469,0
145,2022-08-02,106.23999786376953,106.33999633789062,105.05000305175781,105.36000061035156,0
146,2022-08-03,106.51000213623047,106.81999969482422,105.97000122070312,106.43000030517578,0
147,2022-08-04,105.69000244140625,106.51000213623047,105.66999816894531,106.4800033569336,0
148,2022-08-05,106.62000274658203,106.93000030517578,105.69000244140625,105.72000122070312,0
149,2022-08-08,106.44000244140625,106.80000305175781,106.08999633789062,106.58000183105469,0
150,2022-08-09,106.37000274658203,106.41000366210938,105.97000122070312,106.33999633789062,0
151,2022-08-10,105.19999694824219,106.4000015258789,104.63999938964844,106.33999633789062,0
152,2022-08-11,105.08999633789062,105.45999908447266,104.6500015258789,105.20999908447266,0
153,2022-08-12,105.62999725341797,105.87999725341797,105.08999633789062,105.16000366210938,0
154,2022-08-15,106.55000305175781,106.55000305175781,105.55000305175781,105.66999816894531,0
155,2022-08-16,106.5,106.94000244140625,106.31999969482422,106.4800033569336,0
156,2022-08-17,106.56999969482422,106.88999938964844,106.30999755859375,106.44999694824219,0
157,2022-08-18,107.4800033569336,107.55999755859375,106.51000213623047,106.68000030517578,0
158,2022-08-19,108.16999816894531,108.22000122070312,107.47000122070312,107.5,0
159,2022-08-22,109.05000305175781,109.0999984741211,108.08000183105469,108.0999984741211,0
160,2022-08-23,108.62000274658203,109.2699966430664,108.08000183105469,109.0,0
161,2022-08-24,108.68000030517578,109.11000061035156,108.36000061035156,108.5199966430664,0
162,2022-08-25,108.47000122070312,108.69000244140625,107.98999786376953,108.62999725341797,0
163,2022-08-26,108.80000305175781,108.87000274658203,107.58999633789062,108.47000122070312,0
164,2022-08-29,108.83999633789062,109.4800033569336,108.48999786376953,108.83999633789062,0
165,2022-08-30,108.7699966430664,109.11000061035156,108.29000091552734,108.69999694824219,0
166,2022-08-31,108.69999694824219,109.19999694824219,108.37999725341797,108.75,0
167,2022-09-01,109.69000244140625,109.9800033569336,108.7699966430664,108.83999633789062,0
168,2022-09-02,109.52999877929688,109.72000122070312,108.93000030517578,109.63999938964844,0
169,2022-09-06,110.20999908447266,110.55000305175781,109.37999725341797,109.5999984741211,0
170,2022-09-07,109.83999633789062,110.79000091552734,109.54000091552734,110.31999969482422,0
171,2022-09-08,109.70999908447266,110.23999786376953,109.33000183105469,109.66999816894531,0
172,2022-09-09,109.0,109.54000091552734,108.36000061035156,109.54000091552734,0
173,2022-09-12,108.33000183105469,108.86000061035156,107.80999755859375,108.5999984741211,0
174,2022-09-13,109.81999969482422,109.95999908447266,107.68000030517578,108.2300033569336,0
175,2022-09-14,109.66000366210938,109.93000030517578,109.27999877929688,109.93000030517578,0
176,2022-09-15,109.73999786376953,109.91999816894531,109.41999816894531,109.61000061035156,0
177,2022-09-16,109.76000213623047,110.26000213623047,109.4800033569336,109.80000305175781,0
178,2022-09-19,109.73999786376953,110.18000030517578,109.48999786376953,109.63999938964844,0
179,2022-09-20,110.22000122070312,110.29000091552734,109.36000061035156,109.58000183105469,0
180,2022-09-21,110.63999938964844,111.58000183105469,110.12999725341797,110.16000366210938,0
181,2022-09-22,111.3499984741211,111.80999755859375,110.45999908447266,111.4800033569336,0
182,2022-09-23,113.19000244140625,113.2300033569336,111.08000183105469,111.23999786376953,0
183,2022-09-26,114.0999984741211,114.52999877929688,112.94000244140625,113.0199966430664,0
184,2022-09-27,114.11000061035156,114.47000122070312,113.33000183105469,114.0199966430664,0
185,2022-09-28,112.5999984741211,114.77999877929688,112.55999755859375,114.19000244140625,0
186,2022-09-29,112.25,113.79000091552734,111.91999816894531,113.01000213623047,0
187,2022-09-30,112.12000274658203,112.66999816894531,111.58000183105469,111.75,0
188,2022-10-03,111.75,112.54000091552734,111.47000122070312,112.16999816894531,0
189,2022-10-04,110.06999969482422,111.88999938964844,110.05999755859375,111.58999633789062,0
190,2022-10-05,111.06999969482422,111.73999786376953,110.08999633789062,110.2300033569336,0
191,2022-10-06,112.26000213623047,112.30999755859375,110.77999877929688,111.0199966430664,0
192,2022-10-07,112.80000305175781,112.87999725341797,111.94999694824219,112.25,0
193,2022-10-10,113.13999938964844,113.33000183105469,112.62000274658203,112.75,0
194,2022-10-11,113.22000122070312,113.5,112.41000366210938,113.08000183105469,0
195,2022-10-12,113.31999969482422,113.58999633789062,113.05000305175781,113.30999755859375,0
196,2022-10-13,112.36000061035156,113.91999816894531,112.1500015258789,113.23999786376953,0
197,2022-10-14,113.30999755859375,113.41999816894531,112.16000366210938,112.47000122070312,0
198,2022-10-17,112.04000091552734,113.22000122070312,111.91999816894531,113.22000122070312,0
199,2022-10-18,112.12999725341797,112.45999908447266,111.7699966430664,112.06999969482422,0
200,2022-10-19,112.9800033569336,113.0999984741211,111.91999816894531,111.91999816894531,0
201,2022-10-20,112.87999725341797,113.08999633789062,112.16999816894531,112.98999786376953,0
202,2022-10-21,112.01000213623047,113.94000244140625,111.69999694824219,112.94000244140625,0
203,2022-10-24,111.98999786376953,112.52999877929688,111.47000122070312,111.87999725341797,0
204,2022-10-25,110.94999694824219,112.12999725341797,110.76000213623047,111.81999969482422,0
205,2022-10-26,109.69999694824219,111.13999938964844,109.62999725341797,110.95999908447266,0
206,2022-10-27,110.58999633789062,110.62000274658203,109.54000091552734,109.62000274658203,0
207,2022-10-28,110.66999816894531,111.04000091552734,110.29000091552734,110.5,0
208,2022-10-31,111.52999877929688,111.66999816894531,110.66999816894531,110.66999816894531,0
209,2022-11-01,111.4800033569336,111.77999877929688,110.72000122070312,111.5199966430664,0
210,2022-11-02,111.3499984741211,112.1500015258789,110.43000030517578,111.54000091552734,0
211,2022-11-03,112.93000030517578,113.1500015258789,111.81999969482422,112.16999816894531,0
212,2022-11-04,110.87999725341797,112.98999786376953,110.72000122070312,112.97000122070312,0
213,2022-11-07,110.12000274658203,111.2699966430664,110.05000305175781,110.79000091552734,0
214,2022-11-08,109.62000274658203,110.61000061035156,109.37000274658203,110.05999755859375,0
215,2022-11-09,110.55000305175781,110.63999938964844,109.44999694824219,109.6500015258789,0
216,2022-11-10,108.20999908447266,110.98999786376953,107.70999908447266,110.30000305175781,0
217,2022-11-11,106.29000091552734,108.44000244140625,106.27999877929688,108.23999786376953,0
218,2022-11-14,106.66000366210938,107.2699966430664,106.4800033569336,106.4800033569336,0
219,2022-11-15,106.4000015258789,107.0999984741211,105.33999633789062,107.0,0
220,2022-11-16,106.27999877929688,106.77999877929688,105.86000061035156,106.58000183105469,0
221,2022-11-17,106.69000244140625,107.23999786376953,106.0999984741211,106.2699966430664,0
222,2022-11-18,106.93000030517578,107.04000091552734,106.33999633789062,106.69000244140625,0
223,2022-11-21,107.83999633789062,107.98999786376953,106.88999938964844,106.97000122070312,0
224,2022-11-22,107.22000122070312,107.75,107.12000274658203,107.69999694824219,0
225,2022-11-23,106.08000183105469,107.22000122070312,106.02999877929688,107.08000183105469,0
226,2022-11-25,105.95999908447266,106.41999816894531,105.69000244140625,105.95999908447266,0
227,2022-11-28,106.68000030517578,106.75,105.31999969482422,106.05999755859375,0
228,2022-11-29,106.81999969482422,106.87999725341797,106.05999755859375,106.56999969482422,0
229,2022-11-30,105.94999694824219,107.19999694824219,105.77999877929688,106.72000122070312,0
230,2022-12-01,104.7300033569336,105.9000015258789,104.66000366210938,105.69999694824219,0
231,2022-12-02,104.55000305175781,105.58999633789062,104.37999725341797,104.81999969482422,0
232,2022-12-05,105.29000091552734,105.4000015258789,104.11000061035156,104.51000213623047,0
233,2022-12-06,105.58000183105469,105.62999725341797,104.88999938964844,105.16000366210938,0
234,2022-12-07,105.0999984741211,105.81999969482422,104.87999725341797,105.62999725341797,0
235,2022-12-08,104.7699966430664,105.43000030517578,104.72000122070312,105.19999694824219,0
236,2022-12-09,104.80999755859375,105.13999938964844,104.4800033569336,104.86000061035156,0
237,2022-12-12,105.12999725341797,105.25,104.66999816894531,104.93000030517578,0
238,2022-12-13,103.9800033569336,105.0999984741211,103.58999633789062,104.98999786376953,0
239,2022-12-14,103.7699966430664,104.16000366210938,103.44999694824219,104.06999969482422,0
240,2022-12-15,104.55999755859375,104.87999725341797,103.54000091552734,103.66999816894531,0
241,2022-12-16,104.69999694824219,104.83999633789062,104.20999908447266,104.44999694824219,0
242,2022-12-19,104.72000122070312,104.93000030517578,104.12999725341797,104.83999633789062,0
243,2022-12-20,103.97000122070312,104.79000091552734,103.77999877929688,104.7300033569336,0
244,2022-12-21,104.16000366210938,104.37999725341797,103.8499984741211,103.94999694824219,0
245,2022-12-22,104.43000030517578,104.5999984741211,103.75,104.22000122070312,0
246,2022-12-23,104.30999755859375,104.54000091552734,104.12000274658203,104.38999938964844,0
247,2022-12-27,104.18000030517578,104.4000015258789,103.88999938964844,104.12000274658203,0
248,2022-12-28,104.45999908447266,104.55999755859375,103.8499984741211,104.33000183105469,0
249,2022-12-29,103.83999633789062,104.44999694824219,103.77999877929688,104.37000274658203,0
250,2022-12-30,103.5199966430664,104.0999984741211,103.38999938964844,103.94999694824219,0
251,2023-01-03,104.5199966430664,104.86000061035156,103.47000122070312,103.66000366210938,0
252,2023-01-04,104.25,104.5999984741211,103.83000183105469,104.58000183105469,0
253,2023-01-05,105.04000091552734,105.2699966430664,103.98999786376953,104.06999969482422,0
254,2023-01-06,103.87999725341797,105.62999725341797,103.87000274658203,105.05000305175781,0
255,2023-01-09,103.0,103.94000244140625,102.94000244140625,103.91000366210938,0
256,2023-01-10,103.23999786376953,103.48999786376953,103.02999877929688,103.29000091552734,0
257,2023-01-11,103.19000244140625,103.4800033569336,103.11000061035156,103.22000122070312,0
258,2023-01-12,102.25,103.29000091552734,102.08000183105469,103.05999755859375,0
259,2023-01-13,102.19999694824219,102.6500015258789,101.98999786376953,102.20999908447266,0
260,2023-01-17,102.38999938964844,102.55999755859375,101.94000244140625,102.31999969482422,0
261,2023-01-18,102.36000061035156,102.9000015258789,101.52999877929688,102.47000122070312,0
262,2023-01-19,102.05999755859375,102.4800033569336,101.98999786376953,102.37999725341797,0
263,2023-01-20,102.01000213623047,102.55000305175781,101.94000244140625,102.08000183105469,0
264,2023-01-23,102.13999938964844,102.27999877929688,101.58999633789062,101.98999786376953,0
265,2023-01-24,101.91999816894531,102.43000030517578,101.72000122070312,101.98999786376953,0
266,2023-01-25,101.63999938964844,102.12000274658203,101.58000183105469,102.01000213623047,0
267,2023-01-26,101.83999633789062,102.18000030517578,101.5,101.58000183105469,0
268,2023-01-27,101.93000030517578,102.19000244140625,101.68000030517578,101.72000122070312,0
269,2023-01-30,102.27999877929688,102.30999755859375,101.66000366210938,101.91999816894531,0
270,2023-01-31,102.0999984741211,102.61000061035156,102.01000213623047,102.19000244140625,0
271,2023-02-01,101.22000122070312,102.19000244140625,101.04000091552734,102.0999984741211,0
272,2023-02-02,101.75,101.91000366210938,100.81999969482422,100.8499984741211,0
273,2023-02-03,102.91999816894531,103.01000213623047,101.55000305175781,101.83000183105469,0
274,2023-02-06,103.62000274658203,103.7699966430664,103.01000213623047,103.01000213623047,0
275,2023-02-07,103.43000030517578,103.95999908447266,103.0,103.54000091552734,0
276,2023-02-08,103.41000366210938,103.5199966430664,103.0,103.2699966430664,0
277,2023-02-09,103.22000122070312,103.55000305175781,102.63999938964844,103.43000030517578,0
278,2023-02-10,103.62999725341797,103.68000030517578,102.9000015258789,103.26000213623047,0
279,2023-02-13,103.3499984741211,103.83999633789062,103.23999786376953,103.58000183105469,0
280,2023-02-14,103.2300033569336,103.5199966430664,102.58999633789062,103.22000122070312,0
281,2023-02-15,103.91999816894531,104.11000061035156,103.16000366210938,103.20999908447266,0
282,2023-02-16,103.86000061035156,104.2300033569336,103.52999877929688,103.87999725341797,0
283,2023-02-17,103.86000061035156,104.66999816894531,103.83999633789062,104.19999694824219,0
284,2023-02-21,104.18000030517578,104.26000213623047,103.7699966430664,103.91000366210938,0
285,2023-02-22,104.58999633789062,104.5999984741211,104.01000213623047,104.12999725341797,0
286,2023-02-23,104.5999984741211,104.77999877929688,104.30999755859375,104.5,0
287,2023-02-24,105.20999908447266,105.31999969482422,104.41999816894531,104.55999755859375,0
288,2023-02-27,104.66999816894531,105.36000061035156,104.55000305175781,105.26000213623047,0
289,2023-02-28,104.87000274658203,105.0,104.41999816894531,104.62999725341797,0
290,2023-03-01,104.4800033569336,105.08999633789062,104.08999633789062,105.04000091552734,0
291,2023-03-02,105.02999877929688,105.18000030517578,104.38999938964844,104.38999938964844,0
292,2023-03-03,104.5199966430664,105.0,104.48999786376953,104.94000244140625,0
293,2023-03-06,104.3499984741211,104.69000244140625,104.16000366210938,104.52999877929688,0
294,2023-03-07,105.62000274658203,105.6500015258789,104.12000274658203,104.30000305175781,0
295,2023-03-08,105.66000366210938,105.87999725341797,105.37000274658203,105.66999816894531,0
296,2023-03-09,105.30999755859375,105.7300033569336,105.1500015258789,105.62000274658203,0
297,2023-03-10,104.58000183105469,105.3499984741211,104.04000091552734,105.12999725341797,0
298,2023-03-13,103.5999984741211,104.38999938964844,103.4800033569336,104.38999938964844,0
299,2023-03-14,103.5999984741211,104.05000305175781,103.5,103.66999816894531,0
300,2023-03-15,104.6500015258789,105.0999984741211,103.44000244140625,103.73999786376953,0
301,2023-03-16,104.41999816894531,104.73999786376953,104.19999694824219,104.62000274658203,0
302,2023-03-17,103.70999908447266,104.44999694824219,103.69000244140625,104.41000366210938,0
303,2023-03-20,103.27999877929688,103.95999908447266,103.27999877929688,103.86000061035156,0
304,2023-03-21,103.26000213623047,103.5199966430664,103.0,103.30999755859375,0
305,2023-03-22,102.3499984741211,103.2699966430664,102.06999969482422,103.19999694824219,0
306,2023-03-23,102.52999877929688,102.63999938964844,101.91999816894531,102.5,0
307,2023-03-24,103.12000274658203,103.36000061035156,102.5,102.5999984741211,0
308,2023-03-27,102.86000061035156,103.2300033569336,102.83000183105469,103.12000274658203,0
309,2023-03-28,102.43000030517578,102.76000213623047,102.37999725341797,102.75,0
310,2023-03-29,102.63999938964844,102.79000091552734,102.37000274658203,102.48999786376953,0
311,2023-03-30,102.13999938964844,102.77999877929688,102.06999969482422,102.62000274658203,0
312,2023-03-31,102.51000213623047,102.62999725341797,102.05000305175781,102.19999694824219,0
313,2023-04-03,102.08999633789062,103.05999755859375,101.9800033569336,102.58999633789062,0
314,2023-04-04,101.58999633789062,102.27999877929688,101.45999908447266,102.01000213623047,0
315,2023-04-05,101.8499984741211,101.98999786376953,101.41999816894531,101.5199966430664,0
316,2023-04-06,101.81999969482422,102.13999938964844,101.76000213623047,101.83000183105469,0
317,2023-04-10,102.58000183105469,102.80999755859375,101.98999786376953,102.0999984741211,0
318,2023-04-11,102.19999694824219,102.5199966430664,102.01000213623047,102.5199966430664,0
319,2023-04-12,101.5,102.16000366210938,101.44999694824219,102.12999725341797,0
320,2023-04-13,101.01000213623047,101.5999984741211,100.8499984741211,101.47000122070312,0
321,2023-04-14,101.55000305175781,101.75,100.79000091552734,101.0,0
322,2023-04-17,102.0999984741211,102.2300033569336,101.52999877929688,101.58000183105469,0
323,2023-04-18,101.75,102.13999938964844,101.63999938964844,102.0999984741211,0
324,2023-04-19,101.97000122070312,102.2300033569336,101.66000366210938,101.70999908447266,0
325,2023-04-20,101.83999633789062,102.12999725341797,101.62999725341797,101.98999786376953,0
326,2023-04-21,101.81999969482422,102.12000274658203,101.6500015258789,101.80000305175781,0
327,2023-04-24,101.3499984741211,101.91000366210938,101.33000183105469,101.72000122070312,0
328,2023-04-25,101.86000061035156,101.94999694824219,101.19999694824219,101.26000213623047,0
329,2023-04-26,101.47000122070312,101.88999938964844,101.01000213623047,101.81999969482422,0
330,2023-04-27,101.5,101.80000305175781,101.27999877929688,101.4000015258789,0
331,2023-04-28,101.66999816894531,102.16999816894531,101.41999816894531,101.47000122070312,0
332,2023-05-01,102.1500015258789,102.19000244140625,101.62000274658203,101.66999816894531,0
333,2023-05-02,101.95999908447266,102.4000015258789,101.87999725341797,102.1500015258789,0
334,2023-05-03,101.33999633789062,101.91999816894531,101.06999969482422,101.86000061035156,0
335,2023-05-04,101.4000015258789,101.63999938964844,101.02999877929688,101.19999694824219,0
336,2023-05-05,101.20999908447266,101.77999877929688,101.12000274658203,101.33999633789062,0
337,2023-05-08,101.37000274658203,101.41999816894531,101.04000091552734,101.27999877929688,0
338,2023-05-09,101.61000061035156,101.83999633789062,101.36000061035156,101.4000015258789,0
339,2023-05-10,101.4800033569336,101.80999755859375,101.22000122070312,101.62000274658203,0
340,2023-05-11,102.05999755859375,102.1500015258789,101.30000305175781,101.41000366210938,0
341,2023-05-12,102.68000030517578,102.70999908447266,101.94000244140625,102.0999984741211,0
342,2023-05-15,102.43000030517578,102.75,102.37999725341797,102.70999908447266,0
343,2023-05-16,102.55999755859375,102.69000244140625,102.19999694824219,102.43000030517578,0
344,2023-05-17,102.87999725341797,103.11000061035156,102.54000091552734,102.61000061035156,0
345,2023-05-18,103.58000183105469,103.62000274658203,102.80000305175781,102.91000366210938,0
346,2023-05-19,103.19999694824219,103.62000274658203,103.0,103.51000213623047,0
347,2023-05-22,103.19999694824219,103.37000274658203,102.95999908447266,103.19000244140625,0
348,2023-05-23,103.48999786376953,103.6500015258789,103.16000366210938,103.2699966430664,0
349,2023-05-24,103.88999938964844,103.91000366210938,103.3499984741211,103.54000091552734,0
350,2023-05-25,104.20999908447266,104.30999755859375,103.83999633789062,103.86000061035156,0
351,2023-05-26,104.20999908447266,104.41999816894531,103.8499984741211,104.2300033569336,0
352,2023-05-30,104.16999816894531,104.52999877929688,103.87999725341797,104.30000305175781,0
353,2023-05-31,104.31999969482422,104.69999694824219,104.01000213623047,104.05000305175781,0
354,2023-06-01,103.55999755859375,104.5,103.5,104.1500015258789,0
355,2023-06-02,104.0199966430664,104.08999633789062,103.37999725341797,103.55999755859375,0
356,2023-06-05,104.0,104.4000015258789,103.93000030517578,104.04000091552734,0
357,2023-06-06,104.12999725341797,104.37000274658203,103.81999969482422,104.01000213623047,0
358,2023-06-07,104.0999984741211,104.30000305175781,103.66000366210938,104.12000274658203,0
359,2023-06-08,103.33999633789062,104.06999969482422,103.30000305175781,104.06999969482422,0
360,2023-06-09,103.55999755859375,103.61000061035156,103.30000305175781,103.30000305175781,0
361,2023-06-12,103.62999725341797,103.76000213623047,103.23999786376953,103.55000305175781,0
362,2023-06-13,103.33999633789062,103.62000274658203,103.05000305175781,103.58000183105469,0
363,2023-06-14,103.01000213623047,103.4000015258789,102.66000366210938,103.31999969482422,0
364,2023-06-15,102.12000274658203,103.37999725341797,102.08999633789062,102.95999908447266,0
365,2023-06-16,102.30000305175781,102.43000030517578,102.01000213623047,102.12000274658203,0
366,2023-06-20,102.54000091552734,102.79000091552734,102.31999969482422,102.4800033569336,0
367,2023-06-21,102.06999969482422,102.70999908447266,102.0199966430664,102.5,0
368,2023-06-22,102.38999938964844,102.47000122070312,101.91999816894531,102.02999877929688,0
369,2023-06-23,102.9000015258789,103.16999816894531,102.37999725341797,102.37999725341797,0
370,2023-06-26,102.69000244140625,102.83000183105469,102.61000061035156,102.83000183105469,0
371,2023-06-27,102.48999786376953,102.80000305175781,102.31999969482422,102.73999786376953,0
372,2023-06-28,102.91000366210938,103.1500015258789,102.47000122070312,102.51000213623047,0
373,2023-06-29,103.33999633789062,103.44000244140625,102.77999877929688,102.95999908447266,0
374,2023-06-30,102.91000366210938,103.54000091552734,102.75,103.3499984741211,0
375,2023-07-03,102.98999786376953,103.2699966430664,102.75,102.91999816894531,0
376,2023-07-05,103.37000274658203,103.38999938964844,102.95999908447266,103.08000183105469,0
377,2023-07-06,103.16999816894531,103.56999969482422,102.91999816894531,103.3499984741211,0
378,2023-07-07,102.2699966430664,103.19000244140625,102.2300033569336,103.08000183105469,0
379,2023-07-10,101.97000122070312,102.55999755859375,101.94999694824219,102.29000091552734,0
380,2023-07-11,101.7300033569336,101.97000122070312,101.6500015258789,101.94000244140625,0
381,2023-07-12,100.5199966430664,101.61000061035156,100.51000213623047,101.58999633789062,0
382,2023-07-13,99.7699966430664,100.61000061035156,99.73999786376953,100.5199966430664,0
383,2023-07-14,99.91000366210938,100.0199966430664,99.58000183105469,99.75,0
384,2023-07-17,99.83999633789062,100.18000030517578,99.75,99.95999908447266,0
385,2023-07-18,99.94000244140625,100.11000061035156,99.58999633789062,99.88999938964844,0
386,2023-07-19,100.27999877929688,100.54000091552734,99.93000030517578,99.9800033569336,0
387,2023-07-20,100.87999725341797,100.97000122070312,100.0199966430664,100.27999877929688,0
388,2023-07-21,101.06999969482422,101.19000244140625,100.72000122070312,100.77999877929688,0
389,2023-07-24,101.3499984741211,101.43000030517578,100.88999938964844,101.08999633789062,0
390,2023-07-25,101.3499984741211,101.6500015258789,101.19000244140625,101.41999816894531,0
391,2023-07-26,100.88999938964844,101.44000244140625,100.86000061035156,101.31999969482422,0
392,2023-07-27,101.7699966430664,101.83999633789062,100.55000305175781,101.11000061035156,0
393,2023-07-28,101.62000274658203,102.04000091552734,101.36000061035156,101.69000244140625,0
394,2023-07-31,101.86000061035156,101.91000366210938,101.52999877929688,101.69999694824219,0
395,2023-08-01,102.30000305175781,102.43000030517578,101.8499984741211,101.87000274658203,0
396,2023-08-02,102.58999633789062,102.77999877929688,101.95999908447266,101.95999908447266,0
397,2023-08-03,102.54000091552734,102.83999633789062,102.37000274658203,102.58999633789062,0
398,2023-08-04,102.0199966430664,102.62000274658203,101.73999786376953,102.44999694824219,0
399,2023-08-07,102.05000305175781,102.37999725341797,101.97000122070312,102.01000213623047,0
400,2023-08-08,102.52999877929688,102.80000305175781,102.06999969482422,102.06999969482422,0
401,2023-08-09,102.48999786376953,102.58000183105469,102.29000091552734,102.55000305175781,0
402,2023-08-10,102.5199966430664,102.6500015258789,101.77999877929688,102.4800033569336,0
403,2023-08-11,102.83999633789062,102.91000366210938,102.41999816894531,102.62000274658203,0
404,2023-08-14,103.19000244140625,103.45999908447266,102.7699966430664,102.8499984741211,0
405,2023-08-15,103.20999908447266,103.2699966430664,102.81999969482422,103.1500015258789,0
406,2023-08-16,103.41999816894531,103.52999877929688,102.94000244140625,103.20999908447266,0
407,2023-08-17,103.44000244140625,103.5999984741211,103.05999755859375,103.4800033569336,0
408,2023-08-18,103.37999725341797,103.68000030517578,103.2300033569336,103.4000015258789,0
409,2023-08-21,103.33000183105469,103.5,103.13999938964844,103.43000030517578,0
410,2023-08-22,103.55999755859375,103.72000122070312,103.01000213623047,103.33000183105469,0
411,2023-08-23,103.36000061035156,103.9800033569336,103.30000305175781,103.58000183105469,0
412,2023-08-24,103.9800033569336,104.02999877929688,103.2699966430664,103.36000061035156,0
413,2023-08-25,104.08000183105469,104.44999694824219,103.73999786376953,104.0999984741211,0
414,2023-08-28,104.05999755859375,104.20999908447266,103.9800033569336,104.19000244140625,0
415,2023-08-29,103.55000305175781,104.36000061035156,103.37000274658203,103.91999816894531,0
416,2023-08-30,103.16000366210938,103.69999694824219,102.94000244140625,103.44000244140625,0
417,2023-08-31,103.62000274658203,103.73999786376953,103.01000213623047,103.0999984741211,0
418,2023-09-01,104.23999786376953,104.29000091552734,103.2699966430664,103.62000274658203,0
419,2023-09-05,104.80999755859375,104.91000366210938,104.11000061035156,104.12999725341797,0
420,2023-09-06,104.86000061035156,105.0199966430664,104.58999633789062,104.75,0
421,2023-09-07,105.05999755859375,105.16000366210938,104.80000305175781,104.86000061035156,0
422,2023-09-08,105.08999633789062,105.0999984741211,104.66000366210938,105.05999755859375,0
423,2023-09-11,104.56999969482422,104.94000244140625,104.41999816894531,104.94000244140625,0
424,2023-09-12,104.70999908447266,104.91999816894531,104.45999908447266,104.55999755859375,0
425,2023-09-13,104.7699966430664,104.97000122070312,104.51000213623047,104.58000183105469,0
426,2023-09-14,105.41000366210938,105.44000244140625,104.55999755859375,104.73999786376953,0
427,2023-09-15,105.31999969482422,105.41000366210938,105.08000183105469,105.37999725341797,0
428,2023-09-18,105.19999694824219,105.36000061035156,105.0199966430664,105.30000305175781,0
429,2023-09-19,105.19999694824219,105.20999908447266,104.81999969482422,105.08000183105469,0
430,2023-09-20,105.16000366210938,105.44000244140625,104.66999816894531,105.11000061035156,0
431,2023-09-21,105.36000061035156,105.73999786376953,105.27999877929688,105.44000244140625,0
432,2023-09-22,105.58000183105469,105.77999877929688,105.31999969482422,105.37999725341797,0
433,2023-09-25,106.0,106.0999984741211,105.5199966430664,105.56999969482422,0
434,2023-09-26,106.2300033569336,106.26000213623047,105.86000061035156,105.94000244140625,0
435,2023-09-27,106.66999816894531,106.83999633789062,106.16999816894531,106.22000122070312,0
436,2023-09-28,106.22000122070312,106.76000213623047,106.0199966430664,106.68000030517578,0
437,2023-09-29,106.16999816894531,106.23999786376953,105.66000366210938,106.1500015258789,0
438,2023-10-02,106.9000015258789,107.02999877929688,106.04000091552734,106.16999816894531,0
439,2023-10-03,107.0,107.3499984741211,106.91000366210938,107.02999877929688,0
440,2023-10-04,106.80000305175781,107.23999786376953,106.51000213623047,107.05999755859375,0
441,2023-10-05,106.33000183105469,106.86000061035156,106.31999969482422,106.7699966430664,0
442,2023-10-06,106.04000091552734,106.97000122070312,105.94999694824219,106.36000061035156,0
443,2023-10-09,106.08000183105469,106.5999984741211,106.0199966430664,106.0999984741211,0
444,2023-10-10,105.83000183105469,106.25,105.66000366210938,106.02999877929688,0
445,2023-10-11,105.81999969482422,106.01000213623047,105.55999755859375,105.7300033569336,0
446,2023-10-12,106.56999969482422,106.5999984741211,105.54000091552734,105.66999816894531,0
447,2023-10-13,106.6500015258789,106.79000091552734,106.29000091552734,106.5199966430664,0
448,2023-10-16,106.23999786376953,106.62999725341797,106.18000030517578,106.58000183105469,0
449,2023-10-17,106.25,106.52999877929688,106.0199966430664,106.26000213623047,0
450,2023-10-18,106.56999969482422,106.63999938964844,106.01000213623047,106.22000122070312,0
451,2023-10-19,106.25,106.66999816894531,105.9800033569336,106.54000091552734,0
452,2023-10-20,106.16000366210938,106.41999816894531,106.06999969482422,106.26000213623047,0
453,2023-10-23,105.54000091552734,106.33000183105469,105.5199966430664,106.16000366210938,0
454,2023-10-24,106.2699966430664,106.31999969482422,105.36000061035156,105.61000061035156,0
455,2023-10-25,106.52999877929688,106.56999969482422,106.13999938964844,106.25,0
456,2023-10-26,106.5999984741211,106.88999938964844,106.52999877929688,106.58000183105469,0
457,2023-10-27,106.55999755859375,106.80000305175781,106.31999969482422,106.58999633789062,0
458,2023-10-30,106.12000274658203,106.69999694824219,106.05999755859375,106.58000183105469,0
459,2023-10-31,106.66000366210938,106.86000061035156,105.91000366210938,106.16000366210938,0
460,2023-11-01,106.87999725341797,107.11000061035156,106.61000061035156,106.66999816894531,0
461,2023-11-02,106.12000274658203,106.51000213623047,105.80999755859375,106.5,0
462,2023-11-03,105.0199966430664,106.22000122070312,104.94000244140625,106.19999694824219,0
463,2023-11-06,105.22000122070312,105.29000091552734,104.8499984741211,105.06999969482422,0
464,2023-11-07,105.54000091552734,105.77999877929688,105.2699966430664,105.2699966430664,0
465,2023-11-08,105.58999633789062,105.87000274658203,105.44999694824219,105.54000091552734,0
466,2023-11-09,105.91000366210938,105.97000122070312,105.37999725341797,105.52999877929688,0
467,2023-11-10,105.86000061035156,106.01000213623047,105.73999786376953,105.93000030517578,0
468,2023-11-13,105.66000366210938,105.95999908447266,105.58999633789062,105.80000305175781,0
469,2023-11-14,104.11000061035156,105.7300033569336,103.98999786376953,105.6500015258789,0
470,2023-11-15,104.38999938964844,104.51000213623047,103.9800033569336,104.37999725341797,0
471,2023-11-16,104.37000274658203,104.55999755859375,104.01000213623047,104.36000061035156,0
472,2023-11-17,103.81999969482422,104.55000305175781,103.80999755859375,104.4000015258789,0
473,2023-11-20,103.47000122070312,103.97000122070312,103.37999725341797,103.81999969482422,0
474,2023-11-21,103.56999969482422,103.70999908447266,103.18000030517578,103.47000122070312,0
475,2023-11-22,103.91999816894531,104.20999908447266,103.4800033569336,103.55000305175781,0
476,2023-11-24,103.4000015258789,103.83999633789062,103.36000061035156,103.75,0
477,2023-11-27,103.19999694824219,103.52999877929688,103.19000244140625,103.41999816894531,0
478,2023-11-28,102.75,103.31999969482422,102.61000061035156,103.12999725341797,0
479,2023-11-29,102.7699966430664,103.01000213623047,102.47000122070312,102.6500015258789,0
480,2023-11-30,103.5,103.58999633789062,102.72000122070312,102.83000183105469,0
481,2023-12-01,103.2699966430664,103.72000122070312,103.12000274658203,103.36000061035156,0
482,2023-12-04,103.63999938964844,103.8499984741211,103.05999755859375,103.19000244140625,0
483,2023-12-05,104.05000305175781,104.08999633789062,103.55000305175781,103.55999755859375,0
484,2023-12-06,104.1500015258789,104.2300033569336,103.87000274658203,103.98999786376953,0
485,2023-12-07,103.54000091552734,104.19999694824219,103.2699966430664,104.11000061035156,0
486,2023-12-08,104.01000213623047,104.26000213623047,103.44000244140625,103.63999938964844,0
487,2023-12-11,104.0999984741211,104.26000213623047,103.93000030517578,103.9800033569336,0
488,2023-12-12,103.87000274658203,104.0999984741211,103.48999786376953,104.02999877929688,0
489,2023-12-13,102.87000274658203,104.02999877929688,102.77999877929688,103.81999969482422,0
490,2023-12-14,101.95999908447266,102.80000305175781,101.7699966430664,102.77999877929688,0
491,2023-12-15,102.55000305175781,102.63999938964844,101.83999633789062,102.0999984741211,0
492,2023-12-18,102.51000213623047,102.62999725341797,102.37999725341797,102.58999633789062,0
493,2023-12-19,102.16999816894531,102.62999725341797,102.06999969482422,102.47000122070312,0
494,2023-12-20,102.41000366210938,102.54000091552734,102.16000366210938,102.19000244140625,0
495,2023-12-21,101.83999633789062,102.44999694824219,101.73999786376953,102.38999938964844,0
496,2023-12-22,101.69999694824219,101.9000015258789,101.43000030517578,101.76000213623047,0
497,2023-12-26,101.47000122070312,101.7699966430664,101.44999694824219,101.6500015258789,0
498,2023-12-27,100.98999786376953,101.56999969482422,100.83000183105469,101.55000305175781,0
499,2023-12-28,101.2300033569336,101.30000305175781,100.62000274658203,100.87000274658203,0
500,2023-12-29,101.33000183105469,101.41999816894531,101.06999969482422,101.19999694824219,0
501,2024-01-02,102.19999694824219,102.25,101.33999633789062,101.41999816894531,0
502,2024-01-03,102.45999908447266,102.7300033569336,102.08000183105469,102.1500015258789,0
503,2024-01-04,102.41999816894531,102.52999877929688,102.1500015258789,102.45999908447266,0
504,2024-01-05,102.41000366210938,103.0999984741211,101.91000366210938,102.4000015258789,0
505,2024-01-08,102.20999908447266,102.62000274658203,102.08000183105469,102.44000244140625,0
506,2024-01-09,102.56999969482422,102.66000366210938,102.11000061035156,102.22000122070312,0
507,2024-01-10,102.36000061035156,102.63999938964844,102.33999633789062,102.4800033569336,0
508,2024-01-11,102.29000091552734,102.76000213623047,102.16000366210938,102.30000305175781,0
509,2024-01-12,102.4000015258789,102.58999633789062,102.08999633789062,102.30000305175781,0
510,2024-01-16,103.36000061035156,103.43000030517578,102.73999786376953,102.73999786376953,0
511,2024-01-17,103.44999694824219,103.69000244140625,103.26000213623047,103.36000061035156,0
512,2024-01-18,103.54000091552734,103.62999725341797,103.1500015258789,103.37000274658203,0
513,2024-01-19,103.29000091552734,103.55000305175781,103.23999786376953,103.37000274658203,0
514,2024-01-22,103.33000183105469,103.37000274658203,103.11000061035156,103.23999786376953,0
515,2024-01-23,103.62000274658203,103.81999969482422,102.9800033569336,103.3499984741211,0
516,2024-01-24,103.23999786376953,103.55000305175781,102.7699966430664,103.51000213623047,0
517,2024-01-25,103.56999969482422,103.68000030517578,103.12000274658203,103.3499984741211,0
518,2024-01-26,103.47000122070312,103.7300033569336,103.1500015258789,103.5199966430664,0
519,2024-01-29,103.61000061035156,103.81999969482422,103.4000015258789,103.47000122070312,0
520,2024-01-30,103.4000015258789,103.61000061035156,103.30999755859375,103.44000244140625,0
521,2024-01-31,103.2699966430664,103.73999786376953,102.94000244140625,103.41999816894531,0
522,2024-02-01,103.05000305175781,103.80999755859375,103.0199966430664,103.51000213623047,0
523,2024-02-02,103.91999816894531,104.04000091552734,102.9000015258789,102.98999786376953,0
524,2024-02-05,104.44999694824219,104.5999984741211,103.98999786376953,103.98999786376953,0
525,2024-02-06,104.18000030517578,104.58999633789062,104.13999938964844,104.44000244140625,0
526,2024-02-07,104.04000091552734,104.16999816894531,103.94000244140625,104.1500015258789,0
527,2024-02-08,104.1500015258789,104.43000030517578,103.95999908447266,104.02999877929688,0
528,2024-02-09,104.08000183105469,104.26000213623047,103.94999694824219,104.13999938964844,0
529,2024-02-12,104.16999816894531,104.27999877929688,103.9000015258789,104.08000183105469,0
530,2024-02-13,104.95999908447266,104.95999908447266,103.97000122070312,104.18000030517578,0
531,2024-02-14,104.72000122070312,104.9800033569336,104.66000366210938,104.83999633789062,0
532,2024-02-15,104.30000305175781,104.70999908447266,104.18000030517578,104.66000366210938,0
533,2024-02-16,104.30000305175781,104.66999816894531,104.16999816894531,104.30000305175781,0
534,2024-02-20,104.08000183105469,104.41000366210938,103.80000305175781,104.31999969482422,0
535,2024-02-21,104.01000213623047,104.20999908447266,103.94000244140625,104.04000091552734,0
536,2024-02-22,103.95999908447266,104.12999725341797,103.43000030517578,103.91000366210938,0
537,2024-02-23,103.94000244140625,104.05000305175781,103.7699966430664,103.94999694824219,0
538,2024-02-26,103.83000183105469,104.0199966430664,103.70999908447266,103.95999908447266,0
539,2024-02-27,103.83000183105469,103.91999816894531,103.61000061035156,103.77999877929688,0
540,2024-02-28,103.9800033569336,104.23999786376953,103.80999755859375,103.83999633789062,0
541,2024-02-29,104.16000366210938,104.19999694824219,103.66000366210938,103.91999816894531,0
542,2024-03-01,103.86000061035156,104.29000091552734,103.83999633789062,104.12999725341797,0
543,2024-03-04,103.83000183105469,103.95999908447266,103.7300033569336,103.88999938964844,0
544,2024-03-05,103.80000305175781,103.94999694824219,103.58000183105469,103.8499984741211,0
545,2024-03-06,103.37000274658203,103.88999938964844,103.19999694824219,103.80999755859375,0
546,2024-03-07,102.81999969482422,103.3499984741211,102.80000305175781,103.30999755859375,0
547,2024-03-08,102.73999786376953,102.9000015258789,102.36000061035156,102.7300033569336,0
548,2024-03-11,102.87000274658203,102.93000030517578,102.63999938964844,102.73999786376953,0
549,2024-03-12,102.95999908447266,103.18000030517578,102.72000122070312,102.81999969482422,0
550,2024-03-13,102.79000091552734,103.0199966430664,102.66999816894531,102.93000030517578,0
551,2024-03-14,103.36000061035156,103.4000015258789,102.73999786376953,102.76000213623047,0
552,2024-03-15,103.43000030517578,103.48999786376953,103.30000305175781,103.38999938964844,0
553,2024-03-18,103.58000183105469,103.6500015258789,103.33999633789062,103.44999694824219,0
554,2024-03-19,103.80999755859375,104.05999755859375,103.58000183105469,103.58999633789062,0
555,2024-03-20,103.41000366210938,104.1500015258789,103.37999725341797,103.83999633789062,0
556,2024-03-21,104.0,104.05000305175781,103.16999816894531,103.23999786376953,0
557,2024-03-22,104.43000030517578,104.5,103.91999816894531,103.98999786376953,0
558,2024-03-25,104.2300033569336,104.4800033569336,104.13999938964844,104.43000030517578,0
559,2024-03-26,104.29000091552734,104.33999633789062,104.01000213623047,104.22000122070312,0
560,2024-03-27,104.3499984741211,104.45999908447266,104.22000122070312,104.30000305175781,0
561,2024-03-28,104.55000305175781,104.7300033569336,104.30999755859375,104.44000244140625,0
562,2024-04-01,105.0199966430664,105.08000183105469,104.41999816894531,104.48999786376953,0
563,2024-04-02,104.81999969482422,105.0999984741211,104.68000030517578,105.0,0
564,2024-04-03,104.25,104.83999633789062,104.2300033569336,104.7699966430664,0
565,2024-04-04,104.12000274658203,104.26000213623047,103.91999816894531,104.2300033569336,0
566,2024-04-05,104.30000305175781,104.69000244140625,104.13999938964844,104.20999908447266,0
567,2024-04-08,104.13999938964844,104.44000244140625,104.0999984741211,104.29000091552734,0
568,2024-04-09,104.1500015258789,104.19999694824219,103.87999725341797,104.12000274658203,0
569,2024-04-10,105.25,105.30000305175781,104.0199966430664,104.0999984741211,0
570,2024-04-11,105.27999877929688,105.52999877929688,105.02999877929688,105.18000030517578,0
571,2024-04-12,106.04000091552734,106.11000061035156,105.23999786376953,105.27999877929688,0
572,2024-04-15,106.20999908447266,106.25,105.83999633789062,106.01000213623047,0
573,2024-04-16,106.26000213623047,106.5199966430664,106.06999969482422,106.16999816894531,0
574,2024-04-17,105.94999694824219,106.44000244140625,105.87000274658203,106.33000183105469,0
575,2024-04-18,106.1500015258789,106.18000030517578,105.73999786376953,105.93000030517578,0
576,2024-04-19,106.1500015258789,106.3499984741211,105.8499984741211,106.19000244140625,0
577,2024-04-22,106.08000183105469,106.4000015258789,105.9800033569336,106.12000274658203,0
578,2024-04-23,105.69000244140625,106.23999786376953,105.61000061035156,106.12000274658203,0
579,2024-04-24,105.86000061035156,105.94999694824219,105.58999633789062,105.69000244140625,0
580,2024-04-25,105.5999984741211,106.0,105.51000213623047,105.81999969482422,0
581,2024-04-26,105.94000244140625,106.19000244140625,105.41000366210938,105.58000183105469,0
582,2024-04-29,105.58000183105469,106.08000183105469,105.45999908447266,106.08000183105469,0
583,2024-04-30,106.22000122070312,106.3499984741211,105.66999816894531,105.66999816894531,0
584,2024-05-01,105.76000213623047,106.48999786376953,105.44000244140625,106.31999969482422,0
585,2024-05-02,105.30000305175781,105.9000015258789,105.30000305175781,105.7300033569336,0
586,2024-05-03,105.02999877929688,105.37000274658203,104.5199966430664,105.30999755859375,0
587,2024-05-06,105.05000305175781,105.19999694824219,104.87000274658203,105.08000183105469,0
588,2024-05-07,105.41000366210938,105.44999694824219,105.02999877929688,105.13999938964844,0
589,2024-05-08,105.55000305175781,105.63999938964844,105.38999938964844,105.41999816894531,0
590,2024-05-09,105.2300033569336,105.73999786376953,105.20999908447266,105.5199966430664,0
591,2024-05-10,105.30999755859375,105.4000015258789,105.13999938964844,105.20999908447266,0
592,2024-05-13,105.22000122070312,105.37000274658203,105.05999755859375,105.30999755859375,0
593,2024-05-14,105.01000213623047,105.45999908447266,104.95999908447266,105.19999694824219,0
594,2024-05-15,104.3499984741211,105.05999755859375,104.29000091552734,105.05000305175781,0
595,2024-05-16,104.45999908447266,104.62999725341797,104.08000183105469,104.20999908447266,0
596,2024-05-17,104.44999694824219,104.80000305175781,104.38999938964844,104.5,0
597,2024-05-20,104.56999969482422,104.6500015258789,104.38999938964844,104.5,0
598,2024-05-21,104.66000366210938,104.7699966430664,104.4800033569336,104.5999984741211,0
599,2024-05-22,104.94000244140625,104.97000122070312,104.55999755859375,104.62000274658203,0
600,2024-05-23,105.11000061035156,105.11000061035156,104.62999725341797,104.9000015258789,0
601,2024-05-24,104.72000122070312,105.12000274658203,104.63999938964844,105.04000091552734,0
602,2024-05-28,104.61000061035156,104.63999938964844,104.33999633789062,104.58000183105469,0
603,2024-05-29,105.0999984741211,105.13999938964844,104.58999633789062,104.63999938964844,0
604,2024-05-30,104.72000122070312,105.18000030517578,104.62999725341797,105.12999725341797,0
605,2024-05-31,104.66999816894531,104.9000015258789,104.36000061035156,104.76000213623047,0
606,2024-06-03,104.13999938964844,104.7699966430664,104.05999755859375,104.62999725341797,0
607,2024-06-04,104.11000061035156,104.33000183105469,103.98999786376953,104.05000305175781,0
608,2024-06-05,104.2699966430664,104.45999908447266,104.12999725341797,104.16999816894531,0
609,2024-06-06,104.0999984741211,104.37000274658203,104.05000305175781,104.25,0
610,2024-06-07,104.88999938964844,104.94999694824219,104.0,104.08999633789062,0
611,2024-06-10,105.1500015258789,105.38999938964844,105.04000091552734,105.04000091552734,0
612,2024-06-11,105.2300033569336,105.45999908447266,105.0999984741211,105.1500015258789,0
613,2024-06-12,104.6500015258789,105.31999969482422,104.26000213623047,105.27999877929688,0
614,2024-06-13,105.19999694824219,105.27999877929688,104.63999938964844,104.69000244140625,0
615,2024-06-14,105.55000305175781,105.80999755859375,105.18000030517578,105.2300033569336,0
616,2024-06-17,105.31999969482422,105.6500015258789,105.30999755859375,105.51000213623047,0
617,2024-06-18,105.26000213623047,105.55999755859375,105.12999725341797,105.30000305175781,0
618,2024-06-20,105.58999633789062,105.66999816894531,105.19999694824219,105.19999694824219,0
619,2024-06-21,105.80000305175781,105.91999816894531,105.54000091552734,105.63999938964844,0
620,2024-06-24,105.47000122070312,105.9000015258789,105.37000274658203,105.83000183105469,0
621,2024-06-25,105.61000061035156,105.77999877929688,105.37000274658203,105.51000213623047,0
622,2024-06-26,106.05000305175781,106.12999725341797,105.61000061035156,105.66000366210938,0
623,2024-06-27,105.91000366210938,106.08000183105469,105.70999908447266,106.06999969482422,0
624,2024-06-28,105.87000274658203,106.12999725341797,105.75,105.91999816894531,0
625,2024-07-01,105.9000015258789,105.9800033569336,105.43000030517578,105.8499984741211,0
626,2024-07-02,105.72000122070312,106.05000305175781,105.68000030517578,105.8499984741211,0
627,2024-07-03,105.4000015258789,105.80000305175781,105.05000305175781,105.66999816894531,0
628,2024-07-05,104.87999725341797,105.16999816894531,104.83000183105469,105.16999816894531,0
629,2024-07-08,105.01000213623047,105.02999877929688,104.80000305175781,104.87999725341797,0
630,2024-07-09,105.12999725341797,105.20999908447266,104.95999908447266,104.98999786376953,0
631,2024-07-10,105.05000305175781,105.16999816894531,104.9800033569336,105.12000274658203,0
632,2024-07-11,104.44000244140625,105.0,104.08000183105469,104.98999786376953,0
633,2024-07-12,104.08999633789062,104.55000305175781,104.04000091552734,104.5199966430664,0
634,2024-07-15,104.19000244140625,104.31999969482422,104.02999877929688,104.08000183105469,0
635,2024-07-16,104.2699966430664,104.51000213623047,104.19999694824219,104.25,0
636,2024-07-17,103.75,104.29000091552734,103.6500015258789,104.22000122070312,0
637,2024-07-18,104.16999816894531,104.2300033569336,103.6500015258789,103.69999694824219,0
638,2024-07-19,104.4000015258789,104.41999816894531,104.12999725341797,104.16000366210938,0
639,2024-07-22,104.30999755859375,104.41999816894531,104.18000030517578,104.37000274658203,0
640,2024-07-23,104.44999694824219,104.54000091552734,104.19999694824219,104.30999755859375,0
641,2024-07-24,104.38999938964844,104.55999755859375,104.12000274658203,104.4800033569336,0
642,2024-07-25,104.36000061035156,104.45999908447266,104.08000183105469,104.37999725341797,0
643,2024-07-26,104.31999969482422,104.44999694824219,104.20999908447266,104.36000061035156,0
644,2024-07-29,104.55999755859375,104.75,104.13999938964844,104.33000183105469,0
645,2024-07-30,104.55000305175781,104.80000305175781,104.45999908447266,104.55999755859375,0
646,2024-07-31,104.0999984741211,104.52999877929688,103.93000030517578,104.43000030517578,0
647,2024-08-01,104.41999816894531,104.44999694824219,103.86000061035156,104.06999969482422,0
648,2024-08-02,103.20999908447266,104.43000030517578,103.12999725341797,104.30999755859375,0
649,2024-08-05,102.69000244140625,103.27999877929688,102.16000366210938,103.22000122070312,0
650,2024-08-06,102.97000122070312,103.2300033569336,102.69999694824219,102.77999877929688,0
651,2024-08-07,103.19999694824219,103.37000274658203,102.91999816894531,102.94999694824219,0
652,2024-08-08,103.20999908447266,103.55000305175781,102.91999816894531,103.08999633789062,0
653,2024-08-09,103.13999938964844,103.30000305175781,103.02999877929688,103.2699966430664,0
654,2024-08-12,103.13999938964844,103.30999755859375,103.08999633789062,103.1500015258789,0
655,2024-08-13,102.55999755859375,103.2699966430664,102.55000305175781,103.08999633789062,0
656,2024-08-14,102.56999969482422,102.72000122070312,102.2699966430664,102.61000061035156,0
657,2024-08-15,102.9800033569336,103.2300033569336,102.54000091552734,102.62999725341797,0
658,2024-08-16,102.45999908447266,103.05000305175781,102.38999938964844,103.04000091552734,0
659,2024-08-19,101.88999938964844,102.4800033569336,101.8499984741211,102.4000015258789,0
660,2024-08-20,101.44000244140625,102.01000213623047,101.36000061035156,101.87999725341797,0
661,2024-08-21,101.04000091552734,101.62999725341797,100.91999816894531,101.3499984741211,0
662,2024-08-22,101.51000213623047,101.62999725341797,101.08999633789062,101.12999725341797,0
663,2024-08-23,100.72000122070312,101.55000305175781,100.5999984741211,101.45999908447266,0
664,2024-08-26,100.8499984741211,100.91999816894531,100.52999877929688,100.68000030517578,0
665,2024-08-27,100.55000305175781,100.93000030517578,100.51000213623047,100.81999969482422,0
666,2024-08-28,101.08999633789062,101.18000030517578,100.56999969482422,100.56999969482422,0
667,2024-08-29,101.33999633789062,101.58000183105469,100.88999938964844,101.0,0
668,2024-08-30,101.69999694824219,101.77999877929688,101.25,101.37999725341797,0
669,2024-09-03,101.83000183105469,101.91999816894531,101.55999755859375,101.66000366210938,0
670,2024-09-04,101.36000061035156,101.77999877929688,101.23999786376953,101.69000244140625,0
671,2024-09-05,101.11000061035156,101.37000274658203,100.95999908447266,101.27999877929688,0
672,2024-09-06,101.18000030517578,101.4000015258789,100.58000183105469,101.05999755859375,0
673,2024-09-09,101.55000305175781,101.69999694824219,101.13999938964844,101.19000244140625,0
674,2024-09-10,101.62999725341797,101.7699966430664,101.54000091552734,101.63999938964844,0
675,2024-09-11,101.68000030517578,101.81999969482422,101.2699966430664,101.66000366210938,0
676,2024-09-12,101.37000274658203,101.83999633789062,101.2300033569336,101.77999877929688,0
677,2024-09-13,101.11000061035156,101.19999694824219,100.87999725341797,101.19999694824219,0
678,2024-09-16,100.76000213623047,101.0999984741211,100.58999633789062,101.04000091552734,0
679,2024-09-17,100.88999938964844,101.02999877929688,100.56999969482422,100.76000213623047,0
680,2024-09-18,100.5999984741211,101.1500015258789,100.22000122070312,100.94000244140625,0
681,2024-09-19,100.61000061035156,101.47000122070312,100.5199966430664,101.01000213623047,0
682,2024-09-20,100.72000122070312,101.0199966430664,100.41000366210938,100.69000244140625,0
683,2024-09-23,100.91999816894531,101.2300033569336,100.72000122070312,100.73999786376953,0
684,2024-09-24,100.37000274658203,101.05000305175781,100.33999633789062,100.97000122070312,0
685,2024-09-25,100.91999816894531,100.98999786376953,100.22000122070312,100.27999877929688,0
686,2024-09-26,100.55999755859375,100.97000122070312,100.4800033569336,100.93000030517578,0
687,2024-09-27,100.41999816894531,100.87999725341797,100.16000366210938,100.58999633789062,0
688,2024-09-30,100.77999877929688,100.91999816894531,100.18000030517578,100.41999816894531,0
689,2024-10-01,101.19000244140625,101.38999938964844,100.69999694824219,100.73999786376953,0
690,2024-10-02,101.68000030517578,101.69000244140625,101.16000366210938,101.23999786376953,0
691,2024-10-03,101.98999786376953,102.0999984741211,101.62999725341797,101.63999938964844,0
692,2024-10-04,102.5199966430664,102.69000244140625,101.80999755859375,101.91000366210938,0
693,2024-10-07,102.54000091552734,102.62000274658203,102.37000274658203,102.48999786376953,0
694,2024-10-08,102.55000305175781,102.63999938964844,102.29000091552734,102.45999908447266,0
695,2024-10-09,102.93000030517578,102.94000244140625,102.45999908447266,102.48999786376953,0
696,2024-10-10,102.98999786376953,103.18000030517578,102.72000122070312,102.87999725341797,0
697,2024-10-11,102.88999938964844,102.98999786376953,102.7699966430664,102.87999725341797,0
698,2024-10-14,103.30000305175781,103.36000061035156,102.93000030517578,102.93000030517578,0
699,2024-10-15,103.26000213623047,103.3499984741211,103.02999877929688,103.20999908447266,0
700,2024-10-16,103.58999633789062,103.61000061035156,103.16999816894531,103.26000213623047,0
701,2024-10-17,103.83000183105469,103.87000274658203,103.44000244140625,103.55999755859375,0
702,2024-10-18,103.48999786376953,103.80999755859375,103.45999908447266,103.80999755859375,0
703,2024-10-21,104.01000213623047,104.0199966430664,103.41999816894531,103.45999908447266,0
704,2024-10-22,104.08000183105469,104.12999725341797,103.81999969482422,103.97000122070312,0
705,2024-10-23,104.43000030517578,104.56999969482422,104.08999633789062,104.08999633789062,0
706,2024-10-24,104.05999755859375,104.45999908447266,104.01000213623047,104.43000030517578,0
707,2024-10-25,104.26000213623047,104.33999633789062,103.94000244140625,104.05000305175781,0
708,2024-10-28,104.31999969482422,104.56999969482422,104.12000274658203,104.31999969482422,0
709,2024-10-29,104.27999877929688,104.63999938964844,104.20999908447266,104.30999755859375,0
710,2024-10-30,103.98999786376953,104.44000244140625,103.9800033569336,104.25,0
711,2024-10-31,103.9800033569336,104.22000122070312,103.81999969482422,104.08999633789062,0
712,2024-11-01,104.27999877929688,104.3499984741211,103.68000030517578,103.86000061035156,0
713,2024-11-04,103.88999938964844,103.97000122070312,103.58000183105469,103.97000122070312,0
714,2024-11-05,103.41999816894531,103.95999908447266,103.37000274658203,103.91000366210938,0
715,2024-11-06,105.08999633789062,105.44000244140625,104.04000091552734,104.04000091552734,0
716,2024-11-07,104.51000213623047,105.25,104.19000244140625,105.16000366210938,0
717,2024-11-08,105.0,105.20999908447266,104.33999633789062,104.44999694824219,0
718,2024-11-11,105.54000091552734,105.70999908447266,104.93000030517578,104.94999694824219,0
719,2024-11-12,106.0199966430664,106.18000030517578,105.48999786376953,105.48999786376953,0
720,2024-11-13,106.4800033569336,106.54000091552734,105.72000122070312,106.0199966430664,0
721,2024-11-14,106.66999816894531,107.05999755859375,106.37999725341797,106.5,0
722,2024-11-15,106.69000244140625,106.95999908447266,106.33000183105469,106.9000015258789,0
723,2024-11-18,106.27999877929688,106.80999755859375,106.12999725341797,106.66999816894531,0
724,2024-11-19,106.20999908447266,106.62999725341797,106.11000061035156,106.26000213623047,0
725,2024-11-20,106.68000030517578,106.91999816894531,106.11000061035156,106.12000274658203,0
726,2024-11-21,106.97000122070312,107.16000366210938,106.45999908447266,106.58999633789062,0
727,2024-11-22,107.48999786376953,108.06999969482422,106.91999816894531,107.05999755859375,0
728,2024-11-25,106.81999969482422,107.25,106.58000183105469,107.25,0
729,2024-11-26,107.01000213623047,107.5,106.48999786376953,107.48999786376953,0
730,2024-11-27,106.08000183105469,106.91999816894531,105.86000061035156,106.81999969482422,0
731,2024-11-29,105.73999786376953,106.12999725341797,105.62000274658203,105.94999694824219,0
732,2024-12-02,106.44999694824219,106.7300033569336,105.81999969482422,105.81999969482422,0
733,2024-12-03,106.37000274658203,106.5999984741211,106.08999633789062,106.4800033569336,0
734,2024-12-04,106.33999633789062,106.72000122070312,106.08999633789062,106.43000030517578,0
735,2024-12-05,105.70999908447266,106.37000274658203,105.69999694824219,106.33999633789062,0
736,2024-12-06,105.97000122070312,106.16000366210938,105.41999816894531,105.79000091552734,0
737,2024-12-09,106.1500015258789,106.20999908447266,105.80000305175781,105.97000122070312,0
738,2024-12-10,106.4000015258789,106.63999938964844,106.04000091552734,106.18000030517578,0
739,2024-12-11,106.70999908447266,106.80999755859375,106.2699966430664,106.37000274658203,0
740,2024-12-12,106.95999908447266,107.04000091552734,106.3499984741211,106.56999969482422,0
741,2024-12-13,107.0,107.19000244140625,106.72000122070312,106.97000122070312,0
742,2024-12-16,106.86000061035156,107.16999816894531,106.75,106.94999694824219,0
743,2024-12-17,106.95999908447266,107.08000183105469,106.69999694824219,106.81999969482422,0
744,2024-12-18,108.02999877929688,108.2699966430664,106.81999969482422,106.93000030517578,0
745,2024-12-19,108.41000366210938,108.48999786376953,107.81999969482422,108.0999984741211,0
746,2024-12-20,107.62000274658203,108.54000091552734,107.58999633789062,108.4800033569336,0
747,2024-12-23,108.04000091552734,108.27999877929688,107.68000030517578,107.81999969482422,0
748,2024-12-24,108.26000213623047,108.30000305175781,107.91999816894531,108.16000366210938,0
749,2024-12-26,108.12999725341797,108.30000305175781,108.02999877929688,108.16999816894531,0
750,2024-12-27,108.0,108.19999694824219,107.87000274658203,108.08000183105469,0
751,2024-12-30,108.12999725341797,108.37999725341797,107.73999786376953,108.01000213623047,0
752,2024-12-31,108.48999786376953,108.58000183105469,107.87000274658203,108.08999633789062,0
753,2025-01-02,109.38999938964844,109.52999877929688,108.2699966430664,108.52999877929688,0
754,2025-01-03,108.94999694824219,109.22000122070312,108.9000015258789,109.19999694824219,0
755,2025-01-06,108.26000213623047,109.06999969482422,107.75,108.91999816894531,0
756,2025-01-07,108.54000091552734,108.69999694824219,107.8499984741211,108.33999633789062,0
757,2025-01-08,109.08999633789062,109.37999725341797,108.55000305175781,108.62000274658203,0
758,2025-01-09,109.18000030517578,109.37999725341797,108.94000244140625,109.08999633789062,0
759,2025-01-10,109.6500015258789,109.97000122070312,109.08000183105469,109.2300033569336,0
760,2025-01-13,109.95999908447266,110.18000030517578,109.41000366210938,109.63999938964844,0
761,2025-01-14,109.2699966430664,109.76000213623047,109.18000030517578,109.56999969482422,0
762,2025-01-15,109.08999633789062,109.37999725341797,108.5999984741211,109.2300033569336,0
763,2025-01-16,108.95999908447266,109.37999725341797,108.83000183105469,109.06999969482422,0
764,2025-01-17,109.3499984741211,109.41999816894531,108.83000183105469,108.93000030517578,0
765,2025-01-21,108.05999755859375,108.79000091552734,107.91999816894531,107.9800033569336,0
766,2025-01-22,108.16999816894531,108.2699966430664,107.75,107.98999786376953,0
767,2025-01-23,108.05000305175781,108.51000213623047,107.91999816894531,108.25,0
768,2025-01-24,107.44000244140625,108.19000244140625,107.22000122070312,108.08999633789062,0
769,2025-01-27,107.33999633789062,107.80999755859375,106.97000122070312,107.47000122070312,0
770,2025-01-28,107.87000274658203,108.05000305175781,107.69000244140625,107.70999908447266,0
771,2025-01-29,108.0,108.30000305175781,107.75,107.88999938964844,0
772,2025-01-30,107.80000305175781,108.23999786376953,107.5,107.86000061035156,0
773,2025-01-31,108.37000274658203,108.56999969482422,107.79000091552734,108.16000366210938,0
774,2025-02-03,108.98999786376953,109.87999725341797,108.33999633789062,108.5,0
775,2025-02-04,107.95999908447266,109.04000091552734,107.91999816894531,108.68000030517578,0
776,2025-02-05,107.58000183105469,108.01000213623047,107.30000305175781,108.01000213623047,0
777,2025-02-06,107.69000244140625,108.0999984741211,107.54000091552734,107.62000274658203,0
778,2025-02-07,108.04000091552734,108.31999969482422,107.5199966430664,107.69999694824219,0
779,2025-02-10,108.31999969482422,108.44000244140625,108.08999633789062,108.0999984741211,0
780,2025-02-11,107.95999908447266,108.45999908447266,107.77999877929688,108.33999633789062,0
781,2025-02-12,107.94000244140625,108.5199966430664,107.62999725341797,108.01000213623047,0
782,2025-02-13,107.30999755859375,108.0,107.02999877929688,107.91999816894531,0
783,2025-02-14,106.56999969482422,107.18000030517578,106.56999969482422,107.12000274658203,0
784,2025-02-18,107.05000305175781,107.12000274658203,106.80999755859375,106.81999969482422,0
785,2025-02-19,107.16999816894531,107.37999725341797,106.87999725341797,107.02999877929688,0
786,2025-02-20,106.33999633789062,107.1500015258789,106.33999633789062,107.12000274658203,0
787,2025-02-21,106.61000061035156,106.75,106.37999725341797,106.45999908447266,0
788,2025-02-24,106.5999984741211,106.75,106.12999725341797,106.63999938964844,0
789,2025-02-25,106.30999755859375,106.79000091552734,106.19000244140625,106.7699966430664,0
790,2025-02-26,106.41999816894531,106.6500015258789,106.16000366210938,106.16999816894531,0
791,2025-02-27,107.23999786376953,107.30999755859375,106.5199966430664,106.52999877929688,0
792,2025-02-28,107.61000061035156,107.66000366210938,107.18000030517578,107.25,0
793,2025-03-03,106.75,107.55999755859375,106.47000122070312,107.55999755859375,0
794,2025-03-04,105.73999786376953,106.6500015258789,105.52999877929688,106.55999755859375,0
795,2025-03-05,105.73999786376953,105.7699966430664,104.26000213623047,105.62000274658203,0
796,2025-03-06,104.05999755859375,104.38999938964844,103.76000213623047,104.31999969482422,0
797,2025-03-07,103.83999633789062,104.23999786376953,103.45999908447266,104.11000061035156,0
798,2025-03-10,103.91000366210938,104.05999755859375,103.55999755859375,103.91000366210938,0
799,2025-03-11,103.44000244140625,103.91999816894531,103.22000122070312,103.83999633789062,0
800,2025-03-12,103.61000061035156,103.77999877929688,103.3499984741211,103.41999816894531,0
801,2025-03-13,103.83000183105469,104.08000183105469,103.51000213623047,103.61000061035156,0
802,2025-03-14,103.72000122070312,104.08999633789062,103.56999969482422,103.83999633789062,0
803,2025-03-17,103.37000274658203,103.80999755859375,103.30000305175781,103.73999786376953,0
804,2025-03-18,103.23999786376953,103.68000030517578,103.19999694824219,103.44000244140625,0
805,2025-03-19,103.43000030517578,103.91000366210938,103.25,103.2699966430664,0
806,2025-03-20,103.8499984741211,104.12999725341797,103.31999969482422,103.43000030517578,0
807,2025-03-21,104.08999633789062,104.22000122070312,103.76000213623047,103.77999877929688,0
808,2025-03-24,104.26000213623047,104.44000244140625,103.83999633789062,104.1500015258789,0
809,2025-03-25,104.18000030517578,104.47000122070312,103.94000244140625,104.33000183105469,0
810,2025-03-26,104.55000305175781,104.68000030517578,104.18000030517578,104.25,0
811,2025-03-27,104.06999969482422,104.6500015258789,104.06999969482422,104.6500015258789,0
812,2025-03-28,104.04000091552734,104.5,103.9000015258789,104.27999877929688,0
813,2025-03-31,104.20999908447266,104.38999938964844,103.75,104.01000213623047,0
814,2025-04-01,104.26000213623047,104.37000274658203,104.0199966430664,104.18000030517578,0
815,2025-04-02,103.80999755859375,104.30999755859375,103.37000274658203,104.19999694824219,0
816,2025-04-03,102.06999969482422,103.37999725341797,101.2699966430664,103.1500015258789,0
817,2025-04-04,103.0199966430664,103.18000030517578,101.54000091552734,101.98999786376953,0
818,2025-04-07,103.26000213623047,103.54000091552734,102.18000030517578,103.06999969482422,0
819,2025-04-08,102.95999908447266,103.44000244140625,102.75,103.43000030517578,0
820,2025-04-09,102.9000015258789,103.33000183105469,101.83999633789062,102.75,0
821,2025-04-10,100.87000274658203,103.02999877929688,100.69999694824219,102.98999786376953,0
822,2025-04-11,99.77999877929688,100.77999877929688,99.01000213623047,100.77999877929688,0
823,2025-04-14,99.63999938964844,100.16000366210938,99.20999908447266,100.0199966430664,0
824,2025-04-15,100.22000122070312,100.27999877929688,99.4800033569336,99.80999755859375,0
825,2025-04-16,99.37999725341797,100.0999984741211,99.16999816894531,100.05999755859375,0
826,2025-04-17,99.37999725341797,99.75,99.22000122070312,99.2300033569336,0
827,2025-04-21,98.27999877929688,99.20999908447266,97.91999816894531,99.08000183105469,0
828,2025-04-22,98.91999816894531,99.3499984741211,98.01000213623047,98.30000305175781,0
829,2025-04-23,99.83999633789062,99.94000244140625,98.86000061035156,99.4800033569336,0
830,2025-04-24,99.29000091552734,99.83999633789062,99.22000122070312,99.75,0
831,2025-04-25,99.47000122070312,99.88999938964844,99.4000015258789,99.41000366210938,0
832,2025-04-28,99.01000213623047,99.83999633789062,98.9000015258789,99.61000061035156,0
833,2025-04-29,99.23999786376953,99.37000274658203,98.94999694824219,99.04000091552734,0
834,2025-04-30,99.47000122070312,99.70999908447266,99.13999938964844,99.16999816894531,0
835,2025-05-01,100.25,100.37999725341797,99.61000061035156,99.6500015258789,0
836,2025-05-02,100.0,100.33000183105469,99.4000015258789,100.18000030517578,0
837,2025-05-05,99.83000183105469,100.05000305175781,99.45999908447266,100.0,0
838,2025-05-06,99.23999786376953,100.0999984741211,99.16999816894531,99.83000183105469,0
839,2025-05-07,99.61000061035156,99.97000122070312,99.29000091552734,99.5,0
840,2025-05-08,100.63999938964844,100.76000213623047,99.61000061035156,99.8499984741211,0
841,2025-05-09,100.33999633789062,100.86000061035156,100.08999633789062,100.63999938964844,0
842,2025-05-12,101.79000091552734,101.9800033569336,100.51000213623047,100.69000244140625,0
843,2025-05-13,101.0,101.76000213623047,100.91000366210938,101.7300033569336,0
844,2025-05-14,101.04000091552734,101.13999938964844,100.2699966430664,100.94999694824219,0
845,2025-05-15,100.87999725341797,101.05999755859375,100.58999633789062,100.97000122070312,0
846,2025-05-16,101.08999633789062,101.26000213623047,100.5199966430664,100.7699966430664,0
847,2025-05-19,100.43000030517578,100.91000366210938,100.05999755859375,100.91000366210938,0
848,2025-05-20,100.12000274658203,100.58000183105469,100.01000213623047,100.43000030517578,0
849,2025-05-21,99.55999755859375,99.98999786376953,99.33999633789062,99.98999786376953,0
850,2025-05-22,99.95999908447266,100.12000274658203,99.44000244140625,99.63999938964844,0
851,2025-05-23,99.11000061035156,99.94000244140625,99.05000305175781,99.87999725341797,0
852,2025-05-26,98.93000030517578,99.16000366210938,98.69000244140625,99.08999633789062,0
853,2025-05-27,99.5199966430664,99.62000274658203,98.77999877929688,98.95999908447266,0
854,2025-05-28,99.87999725341797,99.95999908447266,99.44000244140625,99.52999877929688,0
855,2025-05-29,99.27999877929688,100.54000091552734,99.22000122070312,100.54000091552734,0
856,2025-05-30,99.33000183105469,99.66999816894531,99.12999725341797,99.25,0
857,2025-06-02,98.69999694824219,99.41999816894531,98.61000061035156,99.41000366210938,0
858,2025-06-03,99.25,99.33000183105469,98.58000183105469,98.58999633789062,0
859,2025-06-04,98.79000091552734,99.38999938964844,98.66999816894531,99.18000030517578,0
860,2025-06-05,98.73999786376953,98.94000244140625,98.3499984741211,98.80000305175781,0
861,2025-06-06,99.19000244140625,99.36000061035156,98.66000366210938,98.69999694824219,0
862,2025-06-09,98.94000244140625,99.2300033569336,98.81999969482422,99.19999694824219,0
863,2025-06-10,99.05000305175781,99.38999938964844,98.86000061035156,98.9800033569336,0
864,2025-06-11,98.62999725341797,99.22000122070312,98.52999877929688,98.95999908447266,0
865,2025-06-12,97.91999816894531,98.5199966430664,97.5999984741211,98.45999908447266,0
866,2025-06-13,98.18000030517578,98.58999633789062,97.62000274658203,97.80999755859375,0
867,2025-06-16,98.0,98.37000274658203,97.69000244140625,98.26000213623047,0
868,2025-06-17,98.81999969482422,98.87000274658203,98.0199966430664,98.19000244140625,0
869,2025-06-18,98.91000366210938,99.01000213623047,98.4800033569336,98.87000274658203,0
870,2025-06-20,98.70999908447266,98.88999938964844,98.54000091552734,98.66999816894531,0
871,2025-06-23,98.41999816894531,99.41999816894531,98.3499984741211,99.08999633789062,0
872,2025-06-24,97.86000061035156,98.27999877929688,97.70999908447266,98.16000366210938,0
873,2025-06-25,97.68000030517578,98.19999694824219,97.6500015258789,97.94000244140625,0
874,2025-06-26,97.31600189208984,97.6050033569336,96.99700164794922,97.5459976196289,0
